[{"@type":"mappingTemplate","id":"@1","name":"m_Asset_SAP_TPH_SF_Stage","description":"","bundleVersion":"0","templateId":"@3","deployTime":1650276417000,"hasParameters":true,"valid":true,"fixedConnection":true,"hasParametersDeployed":true,"fixedConnectionDeployed":true,"tasks":1,"mappingPreviewFileRecordId":"@2","documentType":"MAPPING","references":[{"@type":"reference","refObjectId":"@ecJKfQmhKKYdk5WKS3e6Ec","refType":"connection"},{"@type":"reference","refObjectId":"@9ozmiEKIU1EbPzdPyxr5mq","refType":"customFunc"}]}]